slug,name,playtime,platforms,stores,released,tba,background_image,rating,rating_top,ratings,ratings_count,reviews_text_count,added,added_by_status,metacritic,suggestions_count,updated,id,score,clip,tags,esrb_rating,user_game,reviews_count,saturated_color,dominant_color,short_screenshots,parent_platforms,genres,community_rating
pac-man,Pac-Man,4,"[{'platform': {'id': 4, 'name': 'PC', 'slug': 'pc'}}, {'platform': {'id': 18, 'name': 'PlayStation 4', 'slug': 'playstation4'}}, {'platform': {'id': 1, 'name': 'Xbox One', 'slug': 'xbox-one'}}, {'platform': {'id': 7, 'name': 'Nintendo Switch', 'slug': 'nintendo-switch'}}, {'platform': {'id': 3, 'name': 'iOS', 'slug': 'ios'}}, {'platform': {'id': 21, 'name': 'Android', 'slug': 'android'}}, {'platform': {'id': 8, 'name': 'Nintendo 3DS', 'slug': 'nintendo-3ds'}}, {'platform': {'id': 5, 'name': 'macOS', 'slug': 'macos'}}, {'platform': {'id': 14, 'name': 'Xbox 360', 'slug': 'xbox360'}}, {'platform': {'id': 10, 'name': 'Wii U', 'slug': 'wii-u'}}, {'platform': {'id': 11, 'name': 'Wii', 'slug': 'wii'}}, {'platform': {'id': 24, 'name': 'Game Boy Advance', 'slug': 'game-boy-advance'}}, {'platform': {'id': 43, 'name': 'Game Boy Color', 'slug': 'game-boy-color'}}, {'platform': {'id': 26, 'name': 'Game Boy', 'slug': 'game-boy'}}, {'platform': {'id': 49, 'name': 'NES', 'slug': 'nes'}}, {'platform': {'id': 41, 'name': 'Apple II', 'slug': 'apple-ii'}}, {'platform': {'id': 166, 'name': 'Commodore / Amiga', 'slug': 'commodore-amiga'}}, {'platform': {'id': 31, 'name': 'Atari 5200', 'slug': 'atari-5200'}}, {'platform': {'id': 23, 'name': 'Atari 2600', 'slug': 'atari-2600'}}, {'platform': {'id': 25, 'name': 'Atari 8-bit', 'slug': 'atari-8-bit'}}, {'platform': {'id': 77, 'name': 'Game Gear', 'slug': 'game-gear'}}, {'platform': {'id': 12, 'name': 'Neo Geo', 'slug': 'neogeo'}}]","[{'store': {'id': 4, 'name': 'App Store', 'slug': 'apple-appstore'}}, {'store': {'id': 6, 'name': 'Nintendo Store', 'slug': 'nintendo'}}, {'store': {'id': 7, 'name': 'Xbox 360 Store', 'slug': 'xbox360'}}, {'store': {'id': 8, 'name': 'Google Play', 'slug': 'google-play'}}]",1980-05-22,False,https://media.rawg.io/media/games/b21/b21555abc69d04d9b5d7663d478ca81e.jpg,4.06,4,"[{'id': 4, 'title': 'recommended', 'count': 178, 'percent': 58.94}, {'id': 5, 'title': 'exceptional', 'count': 81, 'percent': 26.82}, {'id': 3, 'title': 'meh', 'count': 33, 'percent': 10.93}, {'id': 1, 'title': 'skip', 'count': 10, 'percent': 3.31}]",298,3,795,"{'yet': 8, 'owned': 349, 'beaten': 188, 'toplay': 17, 'dropped': 224, 'playing': 9}",62.0,172,2024-06-04T07:47:07,24881,,,"[{'id': 31, 'name': 'Singleplayer', 'slug': 'singleplayer', 'language': 'eng', 'games_count': 224157, 'image_background': 'https://media.rawg.io/media/games/34b/34b1f1850a1c06fd971bc6ab3ac0ce0e.jpg'}, {'id': 362, 'name': 'two-player alternating', 'slug': 'two-player-alternating', 'language': 'eng', 'games_count': 1, 'image_background': 'https://media.rawg.io/media/games/b21/b21555abc69d04d9b5d7663d478ca81e.jpg'}]","{'id': 1, 'name': 'Everyone', 'slug': 'everyone', 'name_en': 'Everyone', 'name_ru': 'Для всех'}",,302,0f0f0f,0f0f0f,"[{'id': -1, 'image': 'https://media.rawg.io/media/games/b21/b21555abc69d04d9b5d7663d478ca81e.jpg'}, {'id': 1708412, 'image': 'https://media.rawg.io/media/screenshots/d01/d01eda2fee2cb42be83e5d00aed0ca9e.jpg'}, {'id': 1708413, 'image': 'https://media.rawg.io/media/screenshots/f4a/f4a4faec453a5916b4080620adf2fec9.jpg'}, {'id': 1708414, 'image': 'https://media.rawg.io/media/screenshots/d5f/d5fcd80605b5ffe97d800ceb10e44bc0.jpg'}, {'id': 1708415, 'image': 'https://media.rawg.io/media/screenshots/471/4712940fd2e4e0134e1fc4dbb6d40465.jpg'}, {'id': 1708416, 'image': 'https://media.rawg.io/media/screenshots/515/515b377309866b92109305bc27338843.jpg'}, {'id': 259937, 'image': 'https://media.rawg.io/media/screenshots/a09/a09a0ee3205b83a464f8523682618cec.jpg'}]","[{'platform': {'id': 1, 'name': 'PC', 'slug': 'pc'}}, {'platform': {'id': 2, 'name': 'PlayStation', 'slug': 'playstation'}}, {'platform': {'id': 3, 'name': 'Xbox', 'slug': 'xbox'}}, {'platform': {'id': 4, 'name': 'iOS', 'slug': 'ios'}}, {'platform': {'id': 8, 'name': 'Android', 'slug': 'android'}}, {'platform': {'id': 5, 'name': 'Apple Macintosh', 'slug': 'mac'}}, {'platform': {'id': 7, 'name': 'Nintendo', 'slug': 'nintendo'}}, {'platform': {'id': 9, 'name': 'Atari', 'slug': 'atari'}}, {'platform': {'id': 10, 'name': 'Commodore / Amiga', 'slug': 'commodore-amiga'}}, {'platform': {'id': 11, 'name': 'SEGA', 'slug': 'sega'}}, {'platform': {'id': 13, 'name': 'Neo Geo', 'slug': 'neo-geo'}}]","[{'id': 40, 'name': 'Casual', 'slug': 'casual'}, {'id': 19, 'name': 'Family', 'slug': 'family'}, {'id': 11, 'name': 'Arcade', 'slug': 'arcade'}]",
missile-command-1980,Missile Command (1980),0,"[{'platform': {'id': 4, 'name': 'PC', 'slug': 'pc'}}, {'platform': {'id': 14, 'name': 'Xbox 360', 'slug': 'xbox360'}}, {'platform': {'id': 27, 'name': 'PlayStation', 'slug': 'playstation1'}}, {'platform': {'id': 24, 'name': 'Game Boy Advance', 'slug': 'game-boy-advance'}}, {'platform': {'id': 43, 'name': 'Game Boy Color', 'slug': 'game-boy-color'}}, {'platform': {'id': 26, 'name': 'Game Boy', 'slug': 'game-boy'}}, {'platform': {'id': 31, 'name': 'Atari 5200', 'slug': 'atari-5200'}}, {'platform': {'id': 23, 'name': 'Atari 2600', 'slug': 'atari-2600'}}, {'platform': {'id': 22, 'name': 'Atari Flashback', 'slug': 'atari-flashback'}}, {'platform': {'id': 25, 'name': 'Atari 8-bit', 'slug': 'atari-8-bit'}}, {'platform': {'id': 34, 'name': 'Atari ST', 'slug': 'atari-st'}}]",,1980-01-01,False,https://media.rawg.io/media/screenshots/218/2182140c32a9608a9872b71817f8fc98.jpg,4.16,4,"[{'id': 4, 'title': 'recommended', 'count': 10, 'percent': 52.63}, {'id': 5, 'title': 'exceptional', 'count': 6, 'percent': 31.58}, {'id': 3, 'title': 'meh', 'count': 3, 'percent': 15.79}]",17,1,51,"{'yet': 2, 'owned': 20, 'beaten': 10, 'toplay': 6, 'dropped': 11, 'playing': 2}",,162,2024-06-04T07:45:42,52436,,,"[{'id': 418, 'name': '2 players', 'slug': '2-players', 'language': 'eng', 'games_count': 1244, 'image_background': 'https://media.rawg.io/media/screenshots/2da/2dab29baecf27327f4d896baa39b433d.jpg'}, {'id': 348, 'name': 'alternating turns', 'slug': 'alternating-turns', 'language': 'eng', 'games_count': 64, 'image_background': 'https://media.rawg.io/media/games/6f8/6f8fb1e98393f72b47f1f909d5b649d4.jpg'}]",,,19,0f0f0f,0f0f0f,"[{'id': -1, 'image': 'https://media.rawg.io/media/screenshots/218/2182140c32a9608a9872b71817f8fc98.jpg'}, {'id': 726163, 'image': 'https://media.rawg.io/media/screenshots/25f/25f9d82cd94f53c203e31fcc5f9240f6.jpg'}, {'id': 726164, 'image': 'https://media.rawg.io/media/screenshots/f42/f42a9e9600e343a5867d1b3d40cb4000.jpg'}, {'id': 726165, 'image': 'https://media.rawg.io/media/screenshots/67d/67dc787dad0cc038c905b393320078a3.jpg'}, {'id': 726166, 'image': 'https://media.rawg.io/media/screenshots/c91/c9166cd0203602a5cb7809b1db591e30.jpg'}, {'id': 726167, 'image': 'https://media.rawg.io/media/screenshots/4d8/4d8ed020e91f2eafb4deb52fc1b685b9.jpg'}, {'id': 726168, 'image': 'https://media.rawg.io/media/screenshots/b8c/b8c086de96efc5206fccc78030d90aec.jpg'}]","[{'platform': {'id': 1, 'name': 'PC', 'slug': 'pc'}}, {'platform': {'id': 2, 'name': 'PlayStation', 'slug': 'playstation'}}, {'platform': {'id': 3, 'name': 'Xbox', 'slug': 'xbox'}}, {'platform': {'id': 7, 'name': 'Nintendo', 'slug': 'nintendo'}}, {'platform': {'id': 9, 'name': 'Atari', 'slug': 'atari'}}]","[{'id': 2, 'name': 'Shooter', 'slug': 'shooter'}, {'id': 11, 'name': 'Arcade', 'slug': 'arcade'}, {'id': 4, 'name': 'Action', 'slug': 'action'}]",
golf-1980,Golf (1980),0,"[{'platform': {'id': 8, 'name': 'Nintendo 3DS', 'slug': 'nintendo-3ds'}}, {'platform': {'id': 10, 'name': 'Wii U', 'slug': 'wii-u'}}, {'platform': {'id': 24, 'name': 'Game Boy Advance', 'slug': 'game-boy-advance'}}, {'platform': {'id': 26, 'name': 'Game Boy', 'slug': 'game-boy'}}, {'platform': {'id': 49, 'name': 'NES', 'slug': 'nes'}}, {'platform': {'id': 23, 'name': 'Atari 2600', 'slug': 'atari-2600'}}]",,1980-12-31,False,https://media.rawg.io/media/screenshots/3ce/3cee1791fd85f99cbbd3b81dc282e5e4.jpg,3.05,3,"[{'id': 3, 'title': 'meh', 'count': 12, 'percent': 63.16}, {'id': 4, 'title': 'recommended', 'count': 5, 'percent': 26.32}, {'id': 1, 'title': 'skip', 'count': 2, 'percent': 10.53}]",18,0,48,"{'yet': 1, 'owned': 16, 'beaten': 10, 'toplay': 4, 'dropped': 16, 'playing': 1}",,31,2023-11-11T14:49:20,52424,,,"[{'id': 31, 'name': 'Singleplayer', 'slug': 'singleplayer', 'language': 'eng', 'games_count': 224293, 'image_background': 'https://media.rawg.io/media/games/2ba/2bac0e87cf45e5b508f227d281c9252a.jpg'}, {'id': 7, 'name': 'Multiplayer', 'slug': 'multiplayer', 'language': 'eng', 'games_count': 38142, 'image_background': 'https://media.rawg.io/media/games/f46/f466571d536f2e3ea9e815ad17177501.jpg'}]",,,19,0f0f0f,0f0f0f,"[{'id': -1, 'image': 'https://media.rawg.io/media/screenshots/3ce/3cee1791fd85f99cbbd3b81dc282e5e4.jpg'}, {'id': 726029, 'image': 'https://media.rawg.io/media/screenshots/b55/b55cee3c97b2c85f159ead2116650838.jpg'}, {'id': 726030, 'image': 'https://media.rawg.io/media/screenshots/36e/36eff65861b6b01caa217edf3f977b30.jpg'}, {'id': 726031, 'image': 'https://media.rawg.io/media/screenshots/e9b/e9b9f216f4b04babed68b9d845b60482.jpg'}, {'id': 726032, 'image': 'https://media.rawg.io/media/screenshots/e1a/e1ab36ff17f1232f17cc697c8caca9cf.jpg'}, {'id': 726033, 'image': 'https://media.rawg.io/media/screenshots/6e0/6e04160add12f34b3b6a766462c15650.jpg'}, {'id': 726034, 'image': 'https://media.rawg.io/media/screenshots/3ce/3cee1791fd85f99cbbd3b81dc282e5e4.jpg'}]","[{'platform': {'id': 7, 'name': 'Nintendo', 'slug': 'nintendo'}}, {'platform': {'id': 9, 'name': 'Atari', 'slug': 'atari'}}]","[{'id': 15, 'name': 'Sports', 'slug': 'sports'}]",
rogue,Rogue,0,"[{'platform': {'id': 4, 'name': 'PC', 'slug': 'pc'}}, {'platform': {'id': 21, 'name': 'Android', 'slug': 'android'}}, {'platform': {'id': 6, 'name': 'Linux', 'slug': 'linux'}}, {'platform': {'id': 55, 'name': 'Classic Macintosh', 'slug': 'macintosh'}}, {'platform': {'id': 166, 'name': 'Commodore / Amiga', 'slug': 'commodore-amiga'}}, {'platform': {'id': 25, 'name': 'Atari 8-bit', 'slug': 'atari-8-bit'}}, {'platform': {'id': 34, 'name': 'Atari ST', 'slug': 'atari-st'}}]",,1980-01-01,False,https://media.rawg.io/media/screenshots/9f8/9f858a5b6f569fe025725789a219a4d7.jpg,3.94,4,"[{'id': 4, 'title': 'recommended', 'count': 8, 'percent': 47.06}, {'id': 3, 'title': 'meh', 'count': 5, 'percent': 29.41}, {'id': 5, 'title': 'exceptional', 'count': 4, 'percent': 23.53}]",14,1,42,"{'yet': 4, 'owned': 13, 'beaten': 12, 'toplay': 9, 'dropped': 3, 'playing': 1}",,260,2024-06-04T07:15:58,55107,,,"[{'id': 31, 'name': 'Singleplayer', 'slug': 'singleplayer', 'language': 'eng', 'games_count': 223846, 'image_background': 'https://media.rawg.io/media/games/511/5118aff5091cb3efec399c808f8c598f.jpg'}]",,,17,0f0f0f,0f0f0f,"[{'id': -1, 'image': 'https://media.rawg.io/media/screenshots/9f8/9f858a5b6f569fe025725789a219a4d7.jpg'}, {'id': 745194, 'image': 'https://media.rawg.io/media/screenshots/5d7/5d7f0d341ffce80e64ac08d829740d8c.jpg'}, {'id': 745195, 'image': 'https://media.rawg.io/media/screenshots/43d/43d785c72e1f08a41804520096257016.jpg'}, {'id': 745196, 'image': 'https://media.rawg.io/media/screenshots/750/750eb418310b9229ab075837592cd647.jpg'}, {'id': 745197, 'image': 'https://media.rawg.io/media/screenshots/899/89920ed28e29eb3cb513b8fb91c0ade6.jpg'}, {'id': 745198, 'image': 'https://media.rawg.io/media/screenshots/8d9/8d9f6984df3208a0acdf4345b81285e6.jpg'}, {'id': 745199, 'image': 'https://media.rawg.io/media/screenshots/0cd/0cd27eb12af84c18c446ad1b2befceef.jpg'}]","[{'platform': {'id': 1, 'name': 'PC', 'slug': 'pc'}}, {'platform': {'id': 8, 'name': 'Android', 'slug': 'android'}}, {'platform': {'id': 5, 'name': 'Apple Macintosh', 'slug': 'mac'}}, {'platform': {'id': 6, 'name': 'Linux', 'slug': 'linux'}}, {'platform': {'id': 9, 'name': 'Atari', 'slug': 'atari'}}, {'platform': {'id': 10, 'name': 'Commodore / Amiga', 'slug': 'commodore-amiga'}}]",[],
battlezone-1980,Battlezone (1980),0,"[{'platform': {'id': 26, 'name': 'Game Boy', 'slug': 'game-boy'}}, {'platform': {'id': 41, 'name': 'Apple II', 'slug': 'apple-ii'}}, {'platform': {'id': 166, 'name': 'Commodore / Amiga', 'slug': 'commodore-amiga'}}, {'platform': {'id': 23, 'name': 'Atari 2600', 'slug': 'atari-2600'}}, {'platform': {'id': 25, 'name': 'Atari 8-bit', 'slug': 'atari-8-bit'}}, {'platform': {'id': 34, 'name': 'Atari ST', 'slug': 'atari-st'}}, {'platform': {'id': 46, 'name': 'Atari Lynx', 'slug': 'atari-lynx'}}]",,1980-01-01,False,https://media.rawg.io/media/games/0d2/0d2d6f345cd77639d65a235cb7dd0a21.jpg,3.18,4,"[{'id': 4, 'title': 'recommended', 'count': 6, 'percent': 54.55}, {'id': 3, 'title': 'meh', 'count': 3, 'percent': 27.27}, {'id': 1, 'title': 'skip', 'count': 2, 'percent': 18.18}]",10,0,41,"{'yet': 3, 'owned': 13, 'beaten': 8, 'toplay': 6, 'dropped': 8, 'playing': 3}",,115,2024-06-04T07:46:14,59123,,,"[{'id': 115, 'name': 'Controller', 'slug': 'controller', 'language': 'eng', 'games_count': 11667, 'image_background': 'https://media.rawg.io/media/games/0b3/0b34647c42271600399b93d19b10f1aa.jpg'}, {'id': 55, 'name': 'Tanks', 'slug': 'tanks', 'language': 'eng', 'games_count': 2815, 'image_background': 'https://media.rawg.io/media/screenshots/866/866f58d49b614a39530a8a7b65a9a46d.jpg'}, {'id': 1897, 'name': 'fire', 'slug': 'fire', 'language': 'eng', 'games_count': 6113, 'image_background': 'https://media.rawg.io/media/screenshots/f19/f19a4ae83ee78d1ca9ac533c3b02ab88.jpg'}, {'id': 754, 'name': 'gun', 'slug': 'gun', 'language': 'eng', 'games_count': 3209, 'image_background': 'https://media.rawg.io/media/screenshots/928/92898d8a4b0c0c51166c8241305d549c.jpg'}, {'id': 7082, 'name': 'fighter', 'slug': 'fighter', 'language': 'eng', 'games_count': 1484, 'image_background': 'https://media.rawg.io/media/games/792/7924eba36daf05ceca74b297a8340343.jpg'}, {'id': 5488, 'name': 'tank', 'slug': 'tank', 'language': 'eng', 'games_count': 1350, 'image_background': 'https://media.rawg.io/media/games/fdd/fddbe0bb1ba367b8186a3ff734f4c24f.jpg'}, {'id': 2075, 'name': 'sound', 'slug': 'sound', 'language': 'eng', 'games_count': 10358, 'image_background': 'https://media.rawg.io/media/screenshots/414/4143f289242c6d39e98ab3751ebef2f0.jpg'}, {'id': 1627, 'name': 'museum', 'slug': 'museum', 'language': 'eng', 'games_count': 539, 'image_background': 'https://media.rawg.io/media/screenshots/f31/f316b3278ed623f881d3ef36df7f71a5.jpeg'}]",,,11,0f0f0f,0f0f0f,"[{'id': -1, 'image': 'https://media.rawg.io/media/games/0d2/0d2d6f345cd77639d65a235cb7dd0a21.jpg'}, {'id': 806858, 'image': 'https://media.rawg.io/media/screenshots/ddb/ddbdfbcf40256841b23b34958d2a369a.jpg'}, {'id': 806859, 'image': 'https://media.rawg.io/media/screenshots/84f/84f1f28a01c66924163b80f33e0c3540.jpg'}, {'id': 806860, 'image': 'https://media.rawg.io/media/screenshots/637/6374375033a2bbbcbba75cfa9419d78f.jpg'}, {'id': 806861, 'image': 'https://media.rawg.io/media/screenshots/b45/b45e330e4905186117890740eba9f3b9.jpg'}, {'id': 806862, 'image': 'https://media.rawg.io/media/screenshots/d8a/d8a1581a1faa4c4b9f586b8ff86aff3e.jpg'}, {'id': 806863, 'image': 'https://media.rawg.io/media/screenshots/598/5980c565230c6cd3ea8bed49daf8066d.jpg'}]","[{'platform': {'id': 5, 'name': 'Apple Macintosh', 'slug': 'mac'}}, {'platform': {'id': 7, 'name': 'Nintendo', 'slug': 'nintendo'}}, {'platform': {'id': 9, 'name': 'Atari', 'slug': 'atari'}}, {'platform': {'id': 10, 'name': 'Commodore / Amiga', 'slug': 'commodore-amiga'}}]",[],
zork-i,Zork I,0,"[{'platform': {'id': 4, 'name': 'PC', 'slug': 'pc'}}, {'platform': {'id': 55, 'name': 'Classic Macintosh', 'slug': 'macintosh'}}, {'platform': {'id': 41, 'name': 'Apple II', 'slug': 'apple-ii'}}, {'platform': {'id': 166, 'name': 'Commodore / Amiga', 'slug': 'commodore-amiga'}}, {'platform': {'id': 25, 'name': 'Atari 8-bit', 'slug': 'atari-8-bit'}}, {'platform': {'id': 34, 'name': 'Atari ST', 'slug': 'atari-st'}}]",,1980-12-01,False,https://media.rawg.io/media/screenshots/533/533124c050ec57b994c9728b0cad45d1.jpg,3.6,4,"[{'id': 4, 'title': 'recommended', 'count': 9, 'percent': 60.0}, {'id': 5, 'title': 'exceptional', 'count': 2, 'percent': 13.33}, {'id': 3, 'title': 'meh', 'count': 2, 'percent': 13.33}, {'id': 1, 'title': 'skip', 'count': 2, 'percent': 13.33}]",14,0,40,"{'yet': 4, 'owned': 14, 'beaten': 8, 'toplay': 7, 'dropped': 7}",,171,2024-06-04T07:37:59,55174,,,"[{'id': 31, 'name': 'Singleplayer', 'slug': 'singleplayer', 'language': 'eng', 'games_count': 224293, 'image_background': 'https://media.rawg.io/media/games/2ba/2bac0e87cf45e5b508f227d281c9252a.jpg'}]",,,15,0f0f0f,0f0f0f,"[{'id': -1, 'image': 'https://media.rawg.io/media/screenshots/533/533124c050ec57b994c9728b0cad45d1.jpg'}, {'id': 745979, 'image': 'https://media.rawg.io/media/screenshots/37d/37db7a27f220151a80b09b4778395e31.jpg'}, {'id': 745980, 'image': 'https://media.rawg.io/media/screenshots/909/9097c8f5249335d518d788a187798e79.jpg'}, {'id': 745981, 'image': 'https://media.rawg.io/media/screenshots/a46/a468a152ed918a7710bd89dbbb028ad8.jpg'}, {'id': 745982, 'image': 'https://media.rawg.io/media/screenshots/d2c/d2cc2326a22aea570e5a610430a689e0.jpg'}, {'id': 745983, 'image': 'https://media.rawg.io/media/screenshots/398/3986b2e8b9e91d4ff95814ce3607e4b2.jpg'}, {'id': 745984, 'image': 'https://media.rawg.io/media/screenshots/6e3/6e3e0068d1115d4d7f02032379f38f33.jpg'}]","[{'platform': {'id': 1, 'name': 'PC', 'slug': 'pc'}}, {'platform': {'id': 5, 'name': 'Apple Macintosh', 'slug': 'mac'}}, {'platform': {'id': 9, 'name': 'Atari', 'slug': 'atari'}}, {'platform': {'id': 10, 'name': 'Commodore / Amiga', 'slug': 'commodore-amiga'}}]",[],
warlords-1980,Warlords (1980),0,"[{'platform': {'id': 4, 'name': 'PC', 'slug': 'pc'}}, {'platform': {'id': 14, 'name': 'Xbox 360', 'slug': 'xbox360'}}, {'platform': {'id': 24, 'name': 'Game Boy Advance', 'slug': 'game-boy-advance'}}, {'platform': {'id': 55, 'name': 'Classic Macintosh', 'slug': 'macintosh'}}, {'platform': {'id': 166, 'name': 'Commodore / Amiga', 'slug': 'commodore-amiga'}}, {'platform': {'id': 23, 'name': 'Atari 2600', 'slug': 'atari-2600'}}, {'platform': {'id': 22, 'name': 'Atari Flashback', 'slug': 'atari-flashback'}}]",,1980-01-01,False,https://media.rawg.io/media/screenshots/0cd/0cdae12ab63fa62ef374afd0dba10739.jpg,3.44,4,"[{'id': 4, 'title': 'recommended', 'count': 4, 'percent': 44.44}, {'id': 3, 'title': 'meh', 'count': 3, 'percent': 33.33}, {'id': 5, 'title': 'exceptional', 'count': 1, 'percent': 11.11}, {'id': 1, 'title': 'skip', 'count': 1, 'percent': 11.11}]",9,0,30,"{'yet': 3, 'owned': 13, 'beaten': 6, 'toplay': 4, 'dropped': 4}",,260,2023-11-11T14:52:26,52476,,,"[{'id': 31, 'name': 'Singleplayer', 'slug': 'singleplayer', 'language': 'eng', 'games_count': 218199, 'image_background': 'https://media.rawg.io/media/games/2ba/2bac0e87cf45e5b508f227d281c9252a.jpg'}, {'id': 7, 'name': 'Multiplayer', 'slug': 'multiplayer', 'language': 'eng', 'games_count': 37130, 'image_background': 'https://media.rawg.io/media/games/ec3/ec3a7db7b8ab5a71aad622fe7c62632f.jpg'}]",,,9,0f0f0f,0f0f0f,"[{'id': -1, 'image': 'https://media.rawg.io/media/screenshots/0cd/0cdae12ab63fa62ef374afd0dba10739.jpg'}]","[{'platform': {'id': 1, 'name': 'PC', 'slug': 'pc'}}, {'platform': {'id': 3, 'name': 'Xbox', 'slug': 'xbox'}}, {'platform': {'id': 5, 'name': 'Apple Macintosh', 'slug': 'mac'}}, {'platform': {'id': 7, 'name': 'Nintendo', 'slug': 'nintendo'}}, {'platform': {'id': 9, 'name': 'Atari', 'slug': 'atari'}}, {'platform': {'id': 10, 'name': 'Commodore / Amiga', 'slug': 'commodore-amiga'}}]","[{'id': 11, 'name': 'Arcade', 'slug': 'arcade'}, {'id': 4, 'name': 'Action', 'slug': 'action'}]",
berzerk,Berzerk,0,"[{'platform': {'id': 31, 'name': 'Atari 5200', 'slug': 'atari-5200'}}, {'platform': {'id': 23, 'name': 'Atari 2600', 'slug': 'atari-2600'}}]",,1980-11-12,False,https://media.rawg.io/media/screenshots/a2a/a2a2793ad822a494493773fa50c0060a.jpg,3.75,4,"[{'id': 4, 'title': 'recommended', 'count': 6, 'percent': 75.0}, {'id': 3, 'title': 'meh', 'count': 2, 'percent': 25.0}]",6,1,25,"{'owned': 10, 'beaten': 6, 'toplay': 4, 'dropped': 5}",,102,2023-06-11T11:10:18,52398,,,"[{'id': 418, 'name': '2 players', 'slug': '2-players', 'language': 'eng', 'games_count': 1244, 'image_background': 'https://media.rawg.io/media/screenshots/2da/2dab29baecf27327f4d896baa39b433d.jpg'}, {'id': 18188, 'name': 'controversial', 'slug': 'controversial', 'language': 'eng', 'games_count': 51, 'image_background': 'https://media.rawg.io/media/screenshots/ddf/ddf4f720f2718af7c8e911d2f125b651.jpg'}, {'id': 348, 'name': 'alternating turns', 'slug': 'alternating-turns', 'language': 'eng', 'games_count': 64, 'image_background': 'https://media.rawg.io/media/games/6f8/6f8fb1e98393f72b47f1f909d5b649d4.jpg'}]",,,8,0f0f0f,0f0f0f,"[{'id': -1, 'image': 'https://media.rawg.io/media/screenshots/a2a/a2a2793ad822a494493773fa50c0060a.jpg'}, {'id': 725758, 'image': 'https://media.rawg.io/media/screenshots/c48/c48a7d6c037d89cfbec3ca49f55bdc22.jpg'}, {'id': 725759, 'image': 'https://media.rawg.io/media/screenshots/b4c/b4c98f4a34657d170776e29c9fc9025e.jpg'}, {'id': 725760, 'image': 'https://media.rawg.io/media/screenshots/a90/a90dbb5c1b0e0e877b08de28870870a1.jpg'}, {'id': 725761, 'image': 'https://media.rawg.io/media/screenshots/fc2/fc2b4d13e25040fae7f8004884d86543.jpg'}, {'id': 725762, 'image': 'https://media.rawg.io/media/screenshots/99e/99ed40aa2df648128e0eb4e079ba878f.jpg'}, {'id': 725763, 'image': 'https://media.rawg.io/media/screenshots/585/5854c6f34a9e3042ec3bcf34f72c4a59.jpg'}]","[{'platform': {'id': 9, 'name': 'Atari', 'slug': 'atari'}}]","[{'id': 2, 'name': 'Shooter', 'slug': 'shooter'}, {'id': 11, 'name': 'Arcade', 'slug': 'arcade'}, {'id': 4, 'name': 'Action', 'slug': 'action'}]",
alien-invaders-plus,Alien Invaders - Plus!,0,"[{'platform': {'id': 4, 'name': 'PC', 'slug': 'pc'}}]",,1980-01-01,False,https://media.rawg.io/media/screenshots/754/75492b4ffa12d64c95332b7731e8e87c.jpg,2.5,3,"[{'id': 3, 'title': 'meh', 'count': 3, 'percent': 50.0}, {'id': 1, 'title': 'skip', 'count': 2, 'percent': 33.33}, {'id': 4, 'title': 'recommended', 'count': 1, 'percent': 16.67}]",5,0,24,"{'yet': 1, 'owned': 10, 'beaten': 7, 'toplay': 2, 'dropped': 4}",,12,2024-01-23T01:29:03,41887,,,[],,,6,0f0f0f,0f0f0f,"[{'id': -1, 'image': 'https://media.rawg.io/media/screenshots/754/75492b4ffa12d64c95332b7731e8e87c.jpg'}, {'id': 604874, 'image': 'https://media.rawg.io/media/screenshots/fb7/fb72484648c4664b8264798801836406.jpg'}, {'id': 604875, 'image': 'https://media.rawg.io/media/screenshots/754/75492b4ffa12d64c95332b7731e8e87c.jpg'}]","[{'platform': {'id': 1, 'name': 'PC', 'slug': 'pc'}}]","[{'id': 11, 'name': 'Arcade', 'slug': 'arcade'}]",
fishing-derby,Fishing Derby,0,"[{'platform': {'id': 4, 'name': 'PC', 'slug': 'pc'}}, {'platform': {'id': 14, 'name': 'Xbox 360', 'slug': 'xbox360'}}, {'platform': {'id': 23, 'name': 'Atari 2600', 'slug': 'atari-2600'}}]",,1980-01-01,False,https://media.rawg.io/media/screenshots/71e/71e9426573b318b1deb7c4ed6d4b3826.jpg,3.0,3,"[{'id': 3, 'title': 'meh', 'count': 6, 'percent': 100.0}]",5,0,22,"{'owned': 10, 'beaten': 4, 'toplay': 2, 'dropped': 6}",,30,2023-11-11T14:53:33,52518,,,"[{'id': 31, 'name': 'Singleplayer', 'slug': 'singleplayer', 'language': 'eng', 'games_count': 224293, 'image_background': 'https://media.rawg.io/media/games/2ba/2bac0e87cf45e5b508f227d281c9252a.jpg'}, {'id': 7, 'name': 'Multiplayer', 'slug': 'multiplayer', 'language': 'eng', 'games_count': 38142, 'image_background': 'https://media.rawg.io/media/games/f46/f466571d536f2e3ea9e815ad17177501.jpg'}]",,,6,0f0f0f,0f0f0f,"[{'id': -1, 'image': 'https://media.rawg.io/media/screenshots/71e/71e9426573b318b1deb7c4ed6d4b3826.jpg'}, {'id': 726908, 'image': 'https://media.rawg.io/media/screenshots/93f/93fd69072bbc3d72e36b35ee7faaec9f.jpg'}, {'id': 726909, 'image': 'https://media.rawg.io/media/screenshots/098/098edff8061f8332b6379166fa081851.jpg'}, {'id': 726910, 'image': 'https://media.rawg.io/media/screenshots/71e/71e9426573b318b1deb7c4ed6d4b3826.jpg'}]","[{'platform': {'id': 1, 'name': 'PC', 'slug': 'pc'}}, {'platform': {'id': 3, 'name': 'Xbox', 'slug': 'xbox'}}, {'platform': {'id': 9, 'name': 'Atari', 'slug': 'atari'}}]","[{'id': 15, 'name': 'Sports', 'slug': 'sports'}]",
skiing,Skiing,0,"[{'platform': {'id': 23, 'name': 'Atari 2600', 'slug': 'atari-2600'}}]",,1980-01-01,False,https://media.rawg.io/media/screenshots/d91/d91bceceb43cf218abfbc168698b08b9.jpg,3.0,3,"[{'id': 3, 'title': 'meh', 'count': 8, 'percent': 100.0}]",7,0,21,"{'owned': 10, 'beaten': 5, 'toplay': 2, 'dropped': 4}",,40,2024-01-23T01:29:17,52581,,,"[{'id': 31, 'name': 'Singleplayer', 'slug': 'singleplayer', 'language': 'eng', 'games_count': 224293, 'image_background': 'https://media.rawg.io/media/games/2ba/2bac0e87cf45e5b508f227d281c9252a.jpg'}]",,,8,0f0f0f,0f0f0f,"[{'id': -1, 'image': 'https://media.rawg.io/media/screenshots/d91/d91bceceb43cf218abfbc168698b08b9.jpg'}, {'id': 727515, 'image': 'https://media.rawg.io/media/screenshots/85f/85f51572b306af6745767376dd97bca4.jpg'}, {'id': 727516, 'image': 'https://media.rawg.io/media/screenshots/e3e/e3e4a3198793f72aa9fa679dbb22a3e1.jpg'}, {'id': 727517, 'image': 'https://media.rawg.io/media/screenshots/d91/d91bceceb43cf218abfbc168698b08b9.jpg'}]","[{'platform': {'id': 9, 'name': 'Atari', 'slug': 'atari'}}]","[{'id': 15, 'name': 'Sports', 'slug': 'sports'}]",
phoenix-1980,Phoenix (1980),0,"[{'platform': {'id': 23, 'name': 'Atari 2600', 'slug': 'atari-2600'}}]",,1980-01-01,False,https://media.rawg.io/media/screenshots/b0d/b0dd0c65ada3c2a982355423ec03f633.jpg,3.86,4,"[{'id': 4, 'title': 'recommended', 'count': 4, 'percent': 57.14}, {'id': 3, 'title': 'meh', 'count': 2, 'percent': 28.57}, {'id': 5, 'title': 'exceptional', 'count': 1, 'percent': 14.29}]",6,0,20,"{'owned': 8, 'beaten': 6, 'toplay': 2, 'dropped': 4}",,102,2024-04-27T10:57:10,52446,,,"[{'id': 418, 'name': '2 players', 'slug': '2-players', 'language': 'eng', 'games_count': 1244, 'image_background': 'https://media.rawg.io/media/games/5b4/5b4af50ce68cf94dcab24f3dba33eaab.jpg'}]",,,7,0f0f0f,0f0f0f,"[{'id': -1, 'image': 'https://media.rawg.io/media/screenshots/b0d/b0dd0c65ada3c2a982355423ec03f633.jpg'}, {'id': 726293, 'image': 'https://media.rawg.io/media/screenshots/eb1/eb162e75622be53007df70387d245409.jpg'}, {'id': 726294, 'image': 'https://media.rawg.io/media/screenshots/8df/8dff1d64ec5dc3e841b8271a4800c824.jpg'}, {'id': 726295, 'image': 'https://media.rawg.io/media/screenshots/7f6/7f6f626808b4eb630915f7ee4ea774bc.jpg'}, {'id': 726296, 'image': 'https://media.rawg.io/media/screenshots/abb/abb91c748f794e408ddabb59e444e6ef.jpg'}, {'id': 726297, 'image': 'https://media.rawg.io/media/screenshots/e5e/e5e78c51ae0bbdf1b2ff1254ef80e7df.jpg'}, {'id': 726298, 'image': 'https://media.rawg.io/media/screenshots/c4a/c4a6de6defbf06d946fdc9842bbbf640.jpg'}]","[{'platform': {'id': 9, 'name': 'Atari', 'slug': 'atari'}}]",[],
boxing-1980,Boxing (1980),0,"[{'platform': {'id': 26, 'name': 'Game Boy', 'slug': 'game-boy'}}, {'platform': {'id': 23, 'name': 'Atari 2600', 'slug': 'atari-2600'}}]",,1980-07-01,False,https://media.rawg.io/media/screenshots/58d/58dadb401ca4f3aa1a798f5406efb930.jpg,3.33,3,"[{'id': 3, 'title': 'meh', 'count': 4, 'percent': 44.44}, {'id': 4, 'title': 'recommended', 'count': 3, 'percent': 33.33}, {'id': 5, 'title': 'exceptional', 'count': 1, 'percent': 11.11}, {'id': 1, 'title': 'skip', 'count': 1, 'percent': 11.11}]",8,0,19,"{'owned': 8, 'beaten': 5, 'toplay': 2, 'dropped': 4}",,142,2023-11-11T14:54:58,52494,,,"[{'id': 31, 'name': 'Singleplayer', 'slug': 'singleplayer', 'language': 'eng', 'games_count': 224293, 'image_background': 'https://media.rawg.io/media/games/2ba/2bac0e87cf45e5b508f227d281c9252a.jpg'}, {'id': 7, 'name': 'Multiplayer', 'slug': 'multiplayer', 'language': 'eng', 'games_count': 38142, 'image_background': 'https://media.rawg.io/media/games/f46/f466571d536f2e3ea9e815ad17177501.jpg'}]",,,9,0f0f0f,0f0f0f,"[{'id': -1, 'image': 'https://media.rawg.io/media/screenshots/58d/58dadb401ca4f3aa1a798f5406efb930.jpg'}, {'id': 726652, 'image': 'https://media.rawg.io/media/screenshots/75a/75abf98535aa37558968ceee01f30bea.jpg'}, {'id': 726653, 'image': 'https://media.rawg.io/media/screenshots/687/6874ec1e6f2f95c9527b4ea6034a9945.jpg'}, {'id': 726654, 'image': 'https://media.rawg.io/media/screenshots/441/441bc701a4bec19b637299f0fe7e6583.jpg'}, {'id': 726655, 'image': 'https://media.rawg.io/media/screenshots/1dd/1dd7870fa97c01e39a12b42769284d6f.jpg'}, {'id': 726656, 'image': 'https://media.rawg.io/media/screenshots/a91/a91bd134d01b728836125be4c2f9e16a.jpg'}, {'id': 751421, 'image': 'https://media.rawg.io/media/screenshots/4ce/4ce2f177df6bdb01d52911b4084ce3a0.jpg'}]","[{'platform': {'id': 7, 'name': 'Nintendo', 'slug': 'nintendo'}}, {'platform': {'id': 9, 'name': 'Atari', 'slug': 'atari'}}]","[{'id': 6, 'name': 'Fighting', 'slug': 'fighting'}, {'id': 15, 'name': 'Sports', 'slug': 'sports'}]",
wizard-and-the-princess,Wizard and the Princess,0,"[{'platform': {'id': 4, 'name': 'PC', 'slug': 'pc'}}, {'platform': {'id': 41, 'name': 'Apple II', 'slug': 'apple-ii'}}, {'platform': {'id': 166, 'name': 'Commodore / Amiga', 'slug': 'commodore-amiga'}}, {'platform': {'id': 25, 'name': 'Atari 8-bit', 'slug': 'atari-8-bit'}}]",,1980-01-01,False,https://media.rawg.io/media/screenshots/8e4/8e4cec519815c90b7247ce5d0d6b6e04.jpg,0.0,3,"[{'id': 3, 'title': 'meh', 'count': 4, 'percent': 80.0}, {'id': 1, 'title': 'skip', 'count': 1, 'percent': 20.0}]",5,0,18,"{'yet': 2, 'owned': 5, 'beaten': 5, 'toplay': 4, 'dropped': 2}",,59,2023-02-08T10:52:05,58073,,,"[{'id': 31, 'name': 'Singleplayer', 'slug': 'singleplayer', 'language': 'eng', 'games_count': 217097, 'image_background': 'https://media.rawg.io/media/games/73e/73eecb8909e0c39fb246f457b5d6cbbe.jpg'}]",,,5,0f0f0f,0f0f0f,"[{'id': -1, 'image': 'https://media.rawg.io/media/screenshots/8e4/8e4cec519815c90b7247ce5d0d6b6e04.jpg'}, {'id': 1779324, 'image': 'https://media.rawg.io/media/screenshots/9c2/9c2b4b5582aa534832cdbee7ab9f0627.jpg'}, {'id': 1779325, 'image': 'https://media.rawg.io/media/screenshots/8e4/8e4cec519815c90b7247ce5d0d6b6e04.jpg'}]","[{'platform': {'id': 1, 'name': 'PC', 'slug': 'pc'}}, {'platform': {'id': 5, 'name': 'Apple Macintosh', 'slug': 'mac'}}, {'platform': {'id': 9, 'name': 'Atari', 'slug': 'atari'}}, {'platform': {'id': 10, 'name': 'Commodore / Amiga', 'slug': 'commodore-amiga'}}]","[{'id': 3, 'name': 'Adventure', 'slug': 'adventure'}]",
dodge-em,Dodge 'Em,0,"[{'platform': {'id': 23, 'name': 'Atari 2600', 'slug': 'atari-2600'}}, {'platform': {'id': 22, 'name': 'Atari Flashback', 'slug': 'atari-flashback'}}]",,1980-01-01,False,https://media.rawg.io/media/screenshots/d1f/d1fe8c0fbc5e159a741e5347ae5a7c68.jpg,0.0,0,"[{'id': 3, 'title': 'meh', 'count': 3, 'percent': 100.0}]",2,0,18,"{'yet': 1, 'owned': 7, 'beaten': 4, 'toplay': 2, 'dropped': 4}",,27,2022-09-24T10:57:12,52419,,,"[{'id': 31, 'name': 'Singleplayer', 'slug': 'singleplayer', 'language': 'eng', 'games_count': 224293, 'image_background': 'https://media.rawg.io/media/games/2ba/2bac0e87cf45e5b508f227d281c9252a.jpg'}, {'id': 351, 'name': 'Two-player', 'slug': 'two-player', 'language': 'eng', 'games_count': 272, 'image_background': 'https://media.rawg.io/media/screenshots/1c1/1c1c7ba1dc364dc71e522acd045aa428.jpg'}, {'id': 357, 'name': 'One-Player', 'slug': 'one-player', 'language': 'eng', 'games_count': 16, 'image_background': 'https://media.rawg.io/media/screenshots/cc2/cc235f9fb549a9e67ac7de9456bd72f9.jpg'}]",,,3,0f0f0f,0f0f0f,"[{'id': -1, 'image': 'https://media.rawg.io/media/screenshots/d1f/d1fe8c0fbc5e159a741e5347ae5a7c68.jpg'}, {'id': 725982, 'image': 'https://media.rawg.io/media/screenshots/981/981b8ef5e2fdf5004b6b8522c0d83862.jpg'}, {'id': 725983, 'image': 'https://media.rawg.io/media/screenshots/e7e/e7e11be4ef3acb162adfab7f0af9d923.jpg'}, {'id': 725984, 'image': 'https://media.rawg.io/media/screenshots/d1f/d1fe8c0fbc5e159a741e5347ae5a7c68.jpg'}]","[{'platform': {'id': 9, 'name': 'Atari', 'slug': 'atari'}}]","[{'id': 1, 'name': 'Racing', 'slug': 'racing'}, {'id': 4, 'name': 'Action', 'slug': 'action'}]",0.0
arcade-pinball,Arcade Pinball,0,"[{'platform': {'id': 23, 'name': 'Atari 2600', 'slug': 'atari-2600'}}]",,1980-01-01,False,https://media.rawg.io/media/screenshots/7f6/7f66720f927e6e72255068cd807b4a7d.jpg,0.0,3,"[{'id': 3, 'title': 'meh', 'count': 5, 'percent': 100.0}]",4,0,18,"{'owned': 8, 'beaten': 4, 'toplay': 2, 'dropped': 4}",,59,2022-09-24T10:57:15,52472,,,"[{'id': 418, 'name': '2 players', 'slug': '2-players', 'language': 'eng', 'games_count': 1244, 'image_background': 'https://media.rawg.io/media/screenshots/2da/2dab29baecf27327f4d896baa39b433d.jpg'}]",,,5,0f0f0f,0f0f0f,"[{'id': -1, 'image': 'https://media.rawg.io/media/screenshots/7f6/7f66720f927e6e72255068cd807b4a7d.jpg'}, {'id': 726485, 'image': 'https://media.rawg.io/media/screenshots/b0a/b0ad041d26720088c434b1ddc28869dc.jpg'}, {'id': 726486, 'image': 'https://media.rawg.io/media/screenshots/16e/16efba48c67a991be129651570ba836c.jpg'}, {'id': 726487, 'image': 'https://media.rawg.io/media/screenshots/f46/f46cc4712e8cf6c6c80d5fe5df90aa58.jpg'}, {'id': 726488, 'image': 'https://media.rawg.io/media/screenshots/7f6/7f66720f927e6e72255068cd807b4a7d.jpg'}]","[{'platform': {'id': 9, 'name': 'Atari', 'slug': 'atari'}}]",[],
dragster,Dragster,0,"[{'platform': {'id': 23, 'name': 'Atari 2600', 'slug': 'atari-2600'}}]",,1980-01-01,False,https://media.rawg.io/media/screenshots/e77/e770b285b43073d54483ebb440a95964.jpg,0.0,0,"[{'id': 3, 'title': 'meh', 'count': 3, 'percent': 75.0}, {'id': 4, 'title': 'recommended', 'count': 1, 'percent': 25.0}]",3,0,18,"{'owned': 9, 'beaten': 4, 'toplay': 2, 'dropped': 3}",,39,2022-09-24T10:57:12,52515,,,"[{'id': 31, 'name': 'Singleplayer', 'slug': 'singleplayer', 'language': 'eng', 'games_count': 224293, 'image_background': 'https://media.rawg.io/media/games/2ba/2bac0e87cf45e5b508f227d281c9252a.jpg'}]",,,4,0f0f0f,0f0f0f,"[{'id': -1, 'image': 'https://media.rawg.io/media/screenshots/e77/e770b285b43073d54483ebb440a95964.jpg'}, {'id': 726893, 'image': 'https://media.rawg.io/media/screenshots/762/762c1f67ef8611d9de46822e22ab0992.jpg'}, {'id': 726894, 'image': 'https://media.rawg.io/media/screenshots/0cd/0cd987ca7ef709a7895e191317d825c5.jpg'}, {'id': 726895, 'image': 'https://media.rawg.io/media/screenshots/e77/e770b285b43073d54483ebb440a95964.jpg'}]","[{'platform': {'id': 9, 'name': 'Atari', 'slug': 'atari'}}]","[{'id': 1, 'name': 'Racing', 'slug': 'racing'}]",0.0
zork-the-great-underground-empire,Zork: The Great Underground Empire,0,"[{'platform': {'id': 4, 'name': 'PC', 'slug': 'pc'}}, {'platform': {'id': 55, 'name': 'Classic Macintosh', 'slug': 'macintosh'}}, {'platform': {'id': 41, 'name': 'Apple II', 'slug': 'apple-ii'}}, {'platform': {'id': 166, 'name': 'Commodore / Amiga', 'slug': 'commodore-amiga'}}, {'platform': {'id': 25, 'name': 'Atari 8-bit', 'slug': 'atari-8-bit'}}, {'platform': {'id': 34, 'name': 'Atari ST', 'slug': 'atari-st'}}]",,1980-11-04,False,,0.0,0,"[{'id': 4, 'title': 'recommended', 'count': 4, 'percent': 100.0}]",4,0,17,"{'yet': 2, 'owned': 6, 'beaten': 2, 'toplay': 2, 'dropped': 5}",,0,2024-06-04T07:43:13,330412,,,[],,,4,0f0f0f,0f0f0f,[],"[{'platform': {'id': 1, 'name': 'PC', 'slug': 'pc'}}, {'platform': {'id': 5, 'name': 'Apple Macintosh', 'slug': 'mac'}}, {'platform': {'id': 9, 'name': 'Atari', 'slug': 'atari'}}, {'platform': {'id': 10, 'name': 'Commodore / Amiga', 'slug': 'commodore-amiga'}}]","[{'id': 3, 'name': 'Adventure', 'slug': 'adventure'}]",0.0
carnival,Carnival,0,"[{'platform': {'id': 23, 'name': 'Atari 2600', 'slug': 'atari-2600'}}]",,1980-01-01,False,https://media.rawg.io/media/screenshots/06b/06bf7ed54b3e15873d22461847a4a997.jpg,0.0,0,"[{'id': 3, 'title': 'meh', 'count': 3, 'percent': 75.0}, {'id': 4, 'title': 'recommended', 'count': 1, 'percent': 25.0}]",3,0,17,"{'owned': 9, 'beaten': 4, 'toplay': 2, 'dropped': 2}",,141,2022-09-24T10:57:13,52531,,,"[{'id': 7, 'name': 'Multiplayer', 'slug': 'multiplayer', 'language': 'eng', 'games_count': 38142, 'image_background': 'https://media.rawg.io/media/games/f46/f466571d536f2e3ea9e815ad17177501.jpg'}, {'id': 418, 'name': '2 players', 'slug': '2-players', 'language': 'eng', 'games_count': 1244, 'image_background': 'https://media.rawg.io/media/screenshots/2da/2dab29baecf27327f4d896baa39b433d.jpg'}]",,,4,0f0f0f,0f0f0f,"[{'id': -1, 'image': 'https://media.rawg.io/media/screenshots/06b/06bf7ed54b3e15873d22461847a4a997.jpg'}, {'id': 727054, 'image': 'https://media.rawg.io/media/screenshots/0e1/0e1f184af8bd7b15725aada4565c0b4d.jpg'}, {'id': 727055, 'image': 'https://media.rawg.io/media/screenshots/5ae/5ae6a5956fd34b62d7b91f9096171e98.jpg'}, {'id': 727056, 'image': 'https://media.rawg.io/media/screenshots/eda/edad2821d50b65a53d1a07e51d4dc32e.jpg'}, {'id': 727057, 'image': 'https://media.rawg.io/media/screenshots/084/0848033db10127775cc69c53b9f37375.jpg'}, {'id': 727058, 'image': 'https://media.rawg.io/media/screenshots/be7/be74edab42f974b3ac7e0b5f93ec4b60.jpg'}, {'id': 727059, 'image': 'https://media.rawg.io/media/screenshots/5ed/5ed89cb4c2aa5fd48e84e79a38f0086d.jpg'}]","[{'platform': {'id': 9, 'name': 'Atari', 'slug': 'atari'}}]",[],0.0
b-1-nuclear-bomber,B-1 Nuclear Bomber,0,"[{'platform': {'id': 4, 'name': 'PC', 'slug': 'pc'}}, {'platform': {'id': 41, 'name': 'Apple II', 'slug': 'apple-ii'}}, {'platform': {'id': 166, 'name': 'Commodore / Amiga', 'slug': 'commodore-amiga'}}, {'platform': {'id': 25, 'name': 'Atari 8-bit', 'slug': 'atari-8-bit'}}]",,1980-01-01,False,https://media.rawg.io/media/screenshots/82e/82e73ac238d95447143db7aaf2b39c78.jpg,0.0,0,"[{'id': 3, 'title': 'meh', 'count': 3, 'percent': 100.0}]",2,0,16,"{'yet': 2, 'owned': 8, 'beaten': 2, 'toplay': 2, 'dropped': 2}",,175,2023-02-08T10:52:06,56329,,,"[{'id': 31, 'name': 'Singleplayer', 'slug': 'singleplayer', 'language': 'eng', 'games_count': 224293, 'image_background': 'https://media.rawg.io/media/games/2ba/2bac0e87cf45e5b508f227d281c9252a.jpg'}]",,,3,0f0f0f,0f0f0f,"[{'id': -1, 'image': 'https://media.rawg.io/media/screenshots/82e/82e73ac238d95447143db7aaf2b39c78.jpg'}, {'id': 753818, 'image': 'https://media.rawg.io/media/screenshots/e62/e62feef674e2183f6794062662e92045.jpg'}, {'id': 753819, 'image': 'https://media.rawg.io/media/screenshots/6e1/6e134d32e49ff9b190f95cb8cffcee71.jpg'}, {'id': 753820, 'image': 'https://media.rawg.io/media/screenshots/7c8/7c8d0b417f081ea85d98c683ef0bd4f9.jpg'}, {'id': 753821, 'image': 'https://media.rawg.io/media/screenshots/57e/57e4e2bb1f6c9f4b8e858fc416cb5310.jpg'}, {'id': 753822, 'image': 'https://media.rawg.io/media/screenshots/b72/b7229bd7779be9b6e5f705a2bfa558b7.jpg'}, {'id': 753823, 'image': 'https://media.rawg.io/media/screenshots/108/10842f9014d196bbee252ca4405bd93f.jpg'}]","[{'platform': {'id': 1, 'name': 'PC', 'slug': 'pc'}}, {'platform': {'id': 5, 'name': 'Apple Macintosh', 'slug': 'mac'}}, {'platform': {'id': 9, 'name': 'Atari', 'slug': 'atari'}}, {'platform': {'id': 10, 'name': 'Commodore / Amiga', 'slug': 'commodore-amiga'}}]",[],0.0
moon-cresta,Moon Cresta,0,"[{'platform': {'id': 18, 'name': 'PlayStation 4', 'slug': 'playstation4'}}, {'platform': {'id': 21, 'name': 'Android', 'slug': 'android'}}, {'platform': {'id': 11, 'name': 'Wii', 'slug': 'wii'}}, {'platform': {'id': 166, 'name': 'Commodore / Amiga', 'slug': 'commodore-amiga'}}, {'platform': {'id': 28, 'name': 'Atari 7800', 'slug': 'atari-7800'}}]",,1980-05-01,False,https://media.rawg.io/media/screenshots/8f7/8f7b62b9a451d359162af48e7b0696bd.jpg,0.0,0,"[{'id': 3, 'title': 'meh', 'count': 3, 'percent': 75.0}, {'id': 4, 'title': 'recommended', 'count': 1, 'percent': 25.0}]",4,0,16,"{'yet': 1, 'owned': 5, 'beaten': 4, 'toplay': 3, 'dropped': 3}",,250,2022-09-24T10:57:10,54591,,,"[{'id': 462, 'name': 'Two players alternating turns', 'slug': 'two-players-alternating-turns', 'language': 'eng', 'games_count': 2, 'image_background': 'https://media.rawg.io/media/screenshots/8f7/8f7b62b9a451d359162af48e7b0696bd.jpg'}]",,,4,0f0f0f,0f0f0f,"[{'id': -1, 'image': 'https://media.rawg.io/media/screenshots/8f7/8f7b62b9a451d359162af48e7b0696bd.jpg'}, {'id': 741683, 'image': 'https://media.rawg.io/media/screenshots/f14/f14dba0d9d917b0c3417faeeadf81fcb.jpg'}, {'id': 741684, 'image': 'https://media.rawg.io/media/screenshots/7f7/7f708290adeb15fac08a29bcf1bcbcc6.jpg'}, {'id': 741685, 'image': 'https://media.rawg.io/media/screenshots/fa2/fa2beed77536424b2e88d777648f21db.jpg'}, {'id': 741686, 'image': 'https://media.rawg.io/media/screenshots/b64/b64814372b55b7ca54430a77a756d335.jpg'}, {'id': 741687, 'image': 'https://media.rawg.io/media/screenshots/d60/d60cae5613bfdd78db8a1de7fd25d0df.jpg'}, {'id': 741688, 'image': 'https://media.rawg.io/media/screenshots/42f/42fd9b0e1a7797d1f11c810c4195762a.jpg'}]","[{'platform': {'id': 2, 'name': 'PlayStation', 'slug': 'playstation'}}, {'platform': {'id': 8, 'name': 'Android', 'slug': 'android'}}, {'platform': {'id': 7, 'name': 'Nintendo', 'slug': 'nintendo'}}, {'platform': {'id': 9, 'name': 'Atari', 'slug': 'atari'}}, {'platform': {'id': 10, 'name': 'Commodore / Amiga', 'slug': 'commodore-amiga'}}]",[],0.0
sea-battle-1980,Sea Battle (1980),0,"[{'platform': {'id': 26, 'name': 'Game Boy', 'slug': 'game-boy'}}, {'platform': {'id': 23, 'name': 'Atari 2600', 'slug': 'atari-2600'}}]",,1980-01-01,False,https://media.rawg.io/media/screenshots/f80/f8049d4c5c227fe75314b2759e29e262.jpg,3.0,3,"[{'id': 3, 'title': 'meh', 'count': 3, 'percent': 50.0}, {'id': 4, 'title': 'recommended', 'count': 2, 'percent': 33.33}, {'id': 1, 'title': 'skip', 'count': 1, 'percent': 16.67}]",6,0,16,"{'owned': 6, 'beaten': 5, 'toplay': 2, 'dropped': 3}",,50,2023-11-11T14:56:21,55902,,,"[{'id': 7, 'name': 'Multiplayer', 'slug': 'multiplayer', 'language': 'eng', 'games_count': 36899, 'image_background': 'https://media.rawg.io/media/games/b7b/b7b8381707152afc7d91f5d95de70e39.jpg'}]",,,6,0f0f0f,0f0f0f,"[{'id': -1, 'image': 'https://media.rawg.io/media/screenshots/f80/f8049d4c5c227fe75314b2759e29e262.jpg'}, {'id': 751919, 'image': 'https://media.rawg.io/media/screenshots/a08/a0844efe1e7bd1b132e539e5fd15e2f3.jpg'}, {'id': 751920, 'image': 'https://media.rawg.io/media/screenshots/014/014f26f4dce43b498b030877e322a6fd.jpg'}, {'id': 751921, 'image': 'https://media.rawg.io/media/screenshots/4c1/4c139f92989c1f2127470b3cc6b4db28.jpg'}, {'id': 751922, 'image': 'https://media.rawg.io/media/screenshots/ab6/ab66860379169977f5fbe8d1edfb8907.jpg'}, {'id': 751923, 'image': 'https://media.rawg.io/media/screenshots/06a/06afffb6d7e68523ef3bcf01e3c04180.jpg'}, {'id': 751924, 'image': 'https://media.rawg.io/media/screenshots/6d1/6d136f2b26ae70149c4467c0e3df7ef7.jpg'}]","[{'platform': {'id': 7, 'name': 'Nintendo', 'slug': 'nintendo'}}, {'platform': {'id': 9, 'name': 'Atari', 'slug': 'atari'}}]","[{'id': 10, 'name': 'Strategy', 'slug': 'strategy'}]",
crazy-balloon,Crazy Balloon,0,"[{'platform': {'id': 166, 'name': 'Commodore / Amiga', 'slug': 'commodore-amiga'}}]",,1980-01-01,False,https://media.rawg.io/media/screenshots/492/492d602d8050ae20fcd32a6195e7124c.jpg,0.0,0,"[{'id': 3, 'title': 'meh', 'count': 3, 'percent': 75.0}, {'id': 4, 'title': 'recommended', 'count': 1, 'percent': 25.0}]",3,0,16,"{'owned': 7, 'beaten': 4, 'toplay': 2, 'dropped': 3}",,111,2022-09-24T10:57:12,56408,,,"[{'id': 31, 'name': 'Singleplayer', 'slug': 'singleplayer', 'language': 'eng', 'games_count': 224293, 'image_background': 'https://media.rawg.io/media/games/2ba/2bac0e87cf45e5b508f227d281c9252a.jpg'}]",,,4,0f0f0f,0f0f0f,"[{'id': -1, 'image': 'https://media.rawg.io/media/screenshots/492/492d602d8050ae20fcd32a6195e7124c.jpg'}, {'id': 754415, 'image': 'https://media.rawg.io/media/screenshots/2da/2da032e209dd565619a7e31560788ce9.jpg'}, {'id': 754416, 'image': 'https://media.rawg.io/media/screenshots/7fe/7fe6ae9d52c1ab3481cc9f02f8f0b1e4.jpg'}, {'id': 754417, 'image': 'https://media.rawg.io/media/screenshots/d7e/d7e8051a3e590ceb17fe8e4e27d98923.jpg'}, {'id': 754418, 'image': 'https://media.rawg.io/media/screenshots/b0e/b0e38f62c04d7c2cca68162c1092bbe9.jpg'}, {'id': 754419, 'image': 'https://media.rawg.io/media/screenshots/c83/c831567cab3e3a054f4314247d47ecdc.jpg'}, {'id': 754420, 'image': 'https://media.rawg.io/media/screenshots/492/492d602d8050ae20fcd32a6195e7124c.jpg'}]","[{'platform': {'id': 10, 'name': 'Commodore / Amiga', 'slug': 'commodore-amiga'}}]",[],0.0
space-panic,Space Panic,0,,,1980-01-01,False,https://media.rawg.io/media/screenshots/d90/d9088c60db4b446941a260d19b8072e1.jpg,0.0,3,"[{'id': 3, 'title': 'meh', 'count': 3, 'percent': 60.0}, {'id': 4, 'title': 'recommended', 'count': 1, 'percent': 20.0}, {'id': 1, 'title': 'skip', 'count': 1, 'percent': 20.0}]",5,0,16,"{'yet': 1, 'owned': 5, 'beaten': 5, 'toplay': 2, 'dropped': 3}",,185,2024-04-23T21:48:45,58063,,,"[{'id': 31, 'name': 'Singleplayer', 'slug': 'singleplayer', 'language': 'eng', 'games_count': 220522, 'image_background': 'https://media.rawg.io/media/games/511/5118aff5091cb3efec399c808f8c598f.jpg'}]",,,5,0f0f0f,0f0f0f,"[{'id': -1, 'image': 'https://media.rawg.io/media/screenshots/d90/d9088c60db4b446941a260d19b8072e1.jpg'}, {'id': 765637, 'image': 'https://media.rawg.io/media/screenshots/fdf/fdff033f5944c092deb164a5f12b0b2b.jpg'}, {'id': 765638, 'image': 'https://media.rawg.io/media/screenshots/975/975dc539d2b0af2e1872fa0eabe6b6a3.jpg'}, {'id': 765639, 'image': 'https://media.rawg.io/media/screenshots/aa1/aa18ed8023244ceaf3ea600029d5d848.jpg'}, {'id': 765640, 'image': 'https://media.rawg.io/media/screenshots/78d/78d25dd66551172141fe4509b327501c.jpg'}, {'id': 765641, 'image': 'https://media.rawg.io/media/screenshots/49c/49ca9dbb7ac438c1dabebad3f50a6c3d.jpg'}, {'id': 765642, 'image': 'https://media.rawg.io/media/screenshots/7f0/7f0001bf03968e14ffc2b2245ddecf3b.jpg'}]",,"[{'id': 83, 'name': 'Platformer', 'slug': 'platformer'}]",
peles-soccer,Pelé's Soccer,0,"[{'platform': {'id': 23, 'name': 'Atari 2600', 'slug': 'atari-2600'}}]",,1980-01-01,False,https://media.rawg.io/media/screenshots/14e/14ebee49a91226a9a8e65199ef02de0b.jpg,0.0,0,"[{'id': 3, 'title': 'meh', 'count': 2, 'percent': 66.67}, {'id': 1, 'title': 'skip', 'count': 1, 'percent': 33.33}]",2,0,15,"{'owned': 6, 'beaten': 4, 'toplay': 2, 'dropped': 3}",,53,2022-09-24T10:57:09,52445,,,"[{'id': 31, 'name': 'Singleplayer', 'slug': 'singleplayer', 'language': 'eng', 'games_count': 224293, 'image_background': 'https://media.rawg.io/media/games/2ba/2bac0e87cf45e5b508f227d281c9252a.jpg'}]",,,3,0f0f0f,0f0f0f,"[{'id': -1, 'image': 'https://media.rawg.io/media/screenshots/14e/14ebee49a91226a9a8e65199ef02de0b.jpg'}, {'id': 726288, 'image': 'https://media.rawg.io/media/screenshots/739/7396430c195616d359f0520c088decd5.jpg'}, {'id': 726289, 'image': 'https://media.rawg.io/media/screenshots/fe8/fe8a7a756147dfdaebca1dc0d8e97ae5.jpg'}, {'id': 726290, 'image': 'https://media.rawg.io/media/screenshots/782/7820da7d704bfbb810a3c8a3e949d0a4.jpg'}, {'id': 726291, 'image': 'https://media.rawg.io/media/screenshots/710/7108675a482638e55e7e7ae7812fddcc.jpg'}, {'id': 726292, 'image': 'https://media.rawg.io/media/screenshots/14e/14ebee49a91226a9a8e65199ef02de0b.jpg'}]","[{'platform': {'id': 9, 'name': 'Atari', 'slug': 'atari'}}]","[{'id': 15, 'name': 'Sports', 'slug': 'sports'}]",0.0
space-zap,Space Zap,0,,,1980-01-01,False,https://media.rawg.io/media/screenshots/a9d/a9d6ecfce2839af25e2e74ff8821094d.jpg,0.0,0,"[{'id': 3, 'title': 'meh', 'count': 3, 'percent': 75.0}, {'id': 4, 'title': 'recommended', 'count': 1, 'percent': 25.0}]",4,0,15,"{'owned': 5, 'beaten': 5, 'toplay': 2, 'dropped': 3}",,87,2022-09-24T10:57:08,58065,,,"[{'id': 25, 'name': 'Space', 'slug': 'space', 'language': 'eng', 'games_count': 41813, 'image_background': 'https://media.rawg.io/media/games/559/559bc0768f656ad0c63c54b80a82d680.jpg'}, {'id': 5693, 'name': 'tron', 'slug': 'tron', 'language': 'eng', 'games_count': 180, 'image_background': 'https://media.rawg.io/media/screenshots/065/065458ae73d0f62d88a78c12da79b6f7.jpg'}, {'id': 1964, 'name': 'reflex', 'slug': 'reflex', 'language': 'eng', 'games_count': 327, 'image_background': 'https://media.rawg.io/media/screenshots/65f/65f43758560c687014c0a8e20589c1eb.jpeg'}]",,,4,0f0f0f,0f0f0f,"[{'id': -1, 'image': 'https://media.rawg.io/media/screenshots/a9d/a9d6ecfce2839af25e2e74ff8821094d.jpg'}, {'id': 765646, 'image': 'https://media.rawg.io/media/screenshots/e41/e4154c35ca00990d8eaee6d9c27b6c8e.jpg'}, {'id': 765647, 'image': 'https://media.rawg.io/media/screenshots/6c7/6c7540e7b0a651a2032e573dd3ec4554.jpg'}, {'id': 765648, 'image': 'https://media.rawg.io/media/screenshots/173/173059266f3cf40c1bdb0dcc347b84bd.jpg'}, {'id': 765649, 'image': 'https://media.rawg.io/media/screenshots/4f5/4f5548d3d78cd0441c1d2cfd8f4db4ec.jpg'}, {'id': 765650, 'image': 'https://media.rawg.io/media/screenshots/616/6166e719af9099bca5c5d731d1f3150a.jpg'}, {'id': 765651, 'image': 'https://media.rawg.io/media/screenshots/234/234969630e099b9bda0f32af8c5c3ff1.jpg'}]",,[],0.0
polaris-1980,Polaris (1980),0,"[{'platform': {'id': 23, 'name': 'Atari 2600', 'slug': 'atari-2600'}}]",,1980-01-01,False,https://media.rawg.io/media/screenshots/998/998f551294850e971a5774f9c4ca840c.jpg,0.0,0,"[{'id': 3, 'title': 'meh', 'count': 3, 'percent': 100.0}]",3,0,14,"{'owned': 6, 'beaten': 4, 'toplay': 2, 'dropped': 2}",,66,2022-09-24T10:57:08,52575,,,"[{'id': 418, 'name': '2 players', 'slug': '2-players', 'language': 'eng', 'games_count': 1244, 'image_background': 'https://media.rawg.io/media/games/5b4/5b4af50ce68cf94dcab24f3dba33eaab.jpg'}, {'id': 354, 'name': 'alternating', 'slug': 'alternating', 'language': 'eng', 'games_count': 6, 'image_background': 'https://media.rawg.io/media/screenshots/3d6/3d63a56f41d94345e0c1be534497b37b.jpg'}]",,,3,0f0f0f,0f0f0f,"[{'id': -1, 'image': 'https://media.rawg.io/media/screenshots/998/998f551294850e971a5774f9c4ca840c.jpg'}, {'id': 727467, 'image': 'https://media.rawg.io/media/screenshots/4e6/4e6392d513d9952006ce28c500d80100.jpg'}, {'id': 727468, 'image': 'https://media.rawg.io/media/screenshots/a8d/a8dce8febb240d70c9bb9cfbf73440b8.jpg'}, {'id': 727469, 'image': 'https://media.rawg.io/media/screenshots/b20/b20ab141c90626c584688c464fb954c3.jpg'}, {'id': 727470, 'image': 'https://media.rawg.io/media/screenshots/ad9/ad99b9c31ff61b5c66950b2f3841a0b8.jpg'}, {'id': 727471, 'image': 'https://media.rawg.io/media/screenshots/dac/dac764282b3aa8c6120841faf2f3a320.jpg'}, {'id': 727472, 'image': 'https://media.rawg.io/media/screenshots/804/80400b5669571c4e92f01029bd1641a8.jpg'}]","[{'platform': {'id': 9, 'name': 'Atari', 'slug': 'atari'}}]",[],0.0
eamon,Eamon,0,"[{'platform': {'id': 41, 'name': 'Apple II', 'slug': 'apple-ii'}}]",,1980-12-30,False,,0.0,0,"[{'id': 3, 'title': 'meh', 'count': 3, 'percent': 75.0}, {'id': 4, 'title': 'recommended', 'count': 1, 'percent': 25.0}]",3,0,14,"{'owned': 7, 'beaten': 3, 'toplay': 1, 'dropped': 3}",,0,2022-10-24T00:48:56,308063,,,"[{'id': 808, 'name': 'character', 'slug': 'character', 'language': 'eng', 'games_count': 8842, 'image_background': 'https://media.rawg.io/media/games/260/26023c855f1769a93411d6a7ea084632.jpeg'}, {'id': 624, 'name': 'Monsters', 'slug': 'monsters', 'language': 'eng', 'games_count': 9601, 'image_background': 'https://media.rawg.io/media/screenshots/d86/d860ad3ffad8a9a580067185fc77d093.jpg'}, {'id': 2373, 'name': 'text', 'slug': 'text', 'language': 'eng', 'games_count': 2075, 'image_background': 'https://media.rawg.io/media/games/1c7/1c761e6bb9f9d47e48cec4484c7186bb.jpg'}]",,,4,0f0f0f,0f0f0f,[],"[{'platform': {'id': 5, 'name': 'Apple Macintosh', 'slug': 'mac'}}]","[{'id': 3, 'name': 'Adventure', 'slug': 'adventure'}, {'id': 5, 'name': 'RPG', 'slug': 'role-playing-games-rpg'}]",0.0
rescue-at-rigel,Rescue at Rigel,0,"[{'platform': {'id': 4, 'name': 'PC', 'slug': 'pc'}}, {'platform': {'id': 41, 'name': 'Apple II', 'slug': 'apple-ii'}}, {'platform': {'id': 166, 'name': 'Commodore / Amiga', 'slug': 'commodore-amiga'}}, {'platform': {'id': 25, 'name': 'Atari 8-bit', 'slug': 'atari-8-bit'}}]",,1980-01-01,False,https://media.rawg.io/media/screenshots/576/576fd3ebd6e89dfcbd4748cd66a601ac.jpg,0.0,0,"[{'id': 3, 'title': 'meh', 'count': 3, 'percent': 75.0}, {'id': 1, 'title': 'skip', 'count': 1, 'percent': 25.0}]",4,0,14,"{'yet': 2, 'owned': 5, 'beaten': 3, 'toplay': 2, 'dropped': 2}",,106,2023-02-08T10:52:05,58056,,,"[{'id': 31, 'name': 'Singleplayer', 'slug': 'singleplayer', 'language': 'eng', 'games_count': 210696, 'image_background': 'https://media.rawg.io/media/games/d58/d588947d4286e7b5e0e12e1bea7d9844.jpg'}]",,,4,0f0f0f,0f0f0f,"[{'id': -1, 'image': 'https://media.rawg.io/media/screenshots/576/576fd3ebd6e89dfcbd4748cd66a601ac.jpg'}, {'id': 765613, 'image': 'https://media.rawg.io/media/screenshots/046/0461c78a54224a2716189b5f421d26c4.jpg'}, {'id': 765614, 'image': 'https://media.rawg.io/media/screenshots/8fd/8fdf4e1398cf5f398c2f805ae24e15ad.jpg'}, {'id': 765615, 'image': 'https://media.rawg.io/media/screenshots/81f/81f8cdf0f76bd0d6ccfee03c4ce231cd.jpg'}, {'id': 765616, 'image': 'https://media.rawg.io/media/screenshots/bd8/bd86b3b1afe99c0bcb04bd3d4ac5be01.jpg'}, {'id': 765617, 'image': 'https://media.rawg.io/media/screenshots/dae/daedd1d352483498b70754ab08376358.jpg'}, {'id': 765618, 'image': 'https://media.rawg.io/media/screenshots/406/40677e46fcbac9470eedcfb5fdfa591d.jpg'}]","[{'platform': {'id': 1, 'name': 'PC', 'slug': 'pc'}}, {'platform': {'id': 5, 'name': 'Apple Macintosh', 'slug': 'mac'}}, {'platform': {'id': 9, 'name': 'Atari', 'slug': 'atari'}}, {'platform': {'id': 10, 'name': 'Commodore / Amiga', 'slug': 'commodore-amiga'}}]","[{'id': 5, 'name': 'RPG', 'slug': 'role-playing-games-rpg'}]",0.0
mission-asteroid,Mission Asteroid,0,"[{'platform': {'id': 41, 'name': 'Apple II', 'slug': 'apple-ii'}}, {'platform': {'id': 166, 'name': 'Commodore / Amiga', 'slug': 'commodore-amiga'}}, {'platform': {'id': 25, 'name': 'Atari 8-bit', 'slug': 'atari-8-bit'}}]",,1980-01-01,False,https://media.rawg.io/media/screenshots/b61/b610f84e8c1287a2e2e9c711cf043c45.jpg,0.0,0,"[{'id': 3, 'title': 'meh', 'count': 3, 'percent': 100.0}]",3,0,14,"{'owned': 5, 'beaten': 4, 'toplay': 3, 'dropped': 2}",,158,2022-09-24T10:57:10,56647,,,"[{'id': 31, 'name': 'Singleplayer', 'slug': 'singleplayer', 'language': 'eng', 'games_count': 217097, 'image_background': 'https://media.rawg.io/media/games/73e/73eecb8909e0c39fb246f457b5d6cbbe.jpg'}]",,,3,0f0f0f,0f0f0f,"[{'id': -1, 'image': 'https://media.rawg.io/media/screenshots/b61/b610f84e8c1287a2e2e9c711cf043c45.jpg'}, {'id': 756298, 'image': 'https://media.rawg.io/media/screenshots/af6/af6e7989bf81030749071bb1de56e8c9.jpg'}, {'id': 756299, 'image': 'https://media.rawg.io/media/screenshots/8a3/8a33b98bd6583f53ee15319c0b938041.jpg'}, {'id': 756300, 'image': 'https://media.rawg.io/media/screenshots/70a/70ac50b37316df84ef5e1fb882f8847a.jpg'}, {'id': 756301, 'image': 'https://media.rawg.io/media/screenshots/ad6/ad6ab1b550dece2dace268c92b5e0cd7.jpg'}, {'id': 756302, 'image': 'https://media.rawg.io/media/screenshots/cd9/cd9752bd4f1521bb5b90ae332dca1b45.jpg'}, {'id': 756303, 'image': 'https://media.rawg.io/media/screenshots/0bb/0bb2026d91e57945e33dd405b30a0e49.jpg'}]","[{'platform': {'id': 5, 'name': 'Apple Macintosh', 'slug': 'mac'}}, {'platform': {'id': 9, 'name': 'Atari', 'slug': 'atari'}}, {'platform': {'id': 10, 'name': 'Commodore / Amiga', 'slug': 'commodore-amiga'}}]","[{'id': 3, 'name': 'Adventure', 'slug': 'adventure'}]",0.0
lords-of-karma,Lords of Karma,0,"[{'platform': {'id': 41, 'name': 'Apple II', 'slug': 'apple-ii'}}, {'platform': {'id': 166, 'name': 'Commodore / Amiga', 'slug': 'commodore-amiga'}}, {'platform': {'id': 25, 'name': 'Atari 8-bit', 'slug': 'atari-8-bit'}}]",,1980-01-01,False,https://media.rawg.io/media/screenshots/b0e/b0eb33376b97262e17780480bd1857b6.jpg,0.0,0,"[{'id': 3, 'title': 'meh', 'count': 3, 'percent': 100.0}]",2,0,14,"{'yet': 1, 'owned': 6, 'beaten': 2, 'toplay': 3, 'dropped': 2}",,42,2022-09-24T10:57:10,56616,,,"[{'id': 31, 'name': 'Singleplayer', 'slug': 'singleplayer', 'language': 'eng', 'games_count': 224293, 'image_background': 'https://media.rawg.io/media/games/2ba/2bac0e87cf45e5b508f227d281c9252a.jpg'}]",,,3,0f0f0f,0f0f0f,"[{'id': -1, 'image': 'https://media.rawg.io/media/screenshots/b0e/b0eb33376b97262e17780480bd1857b6.jpg'}, {'id': 756076, 'image': 'https://media.rawg.io/media/screenshots/a4b/a4b8ce18ec863f005916fc59503db187.jpg'}, {'id': 756077, 'image': 'https://media.rawg.io/media/screenshots/828/828aede779f18b83d06083fde6425c6e.jpg'}, {'id': 756078, 'image': 'https://media.rawg.io/media/screenshots/afe/afed90191ac3c0fd428e09e72fe2c283.jpg'}, {'id': 756079, 'image': 'https://media.rawg.io/media/screenshots/b0e/b0eb33376b97262e17780480bd1857b6.jpg'}]","[{'platform': {'id': 5, 'name': 'Apple Macintosh', 'slug': 'mac'}}, {'platform': {'id': 9, 'name': 'Atari', 'slug': 'atari'}}, {'platform': {'id': 10, 'name': 'Commodore / Amiga', 'slug': 'commodore-amiga'}}]","[{'id': 3, 'name': 'Adventure', 'slug': 'adventure'}]",0.0
galactic-empire,Galactic Empire,0,"[{'platform': {'id': 4, 'name': 'PC', 'slug': 'pc'}}, {'platform': {'id': 55, 'name': 'Classic Macintosh', 'slug': 'macintosh'}}, {'platform': {'id': 41, 'name': 'Apple II', 'slug': 'apple-ii'}}, {'platform': {'id': 166, 'name': 'Commodore / Amiga', 'slug': 'commodore-amiga'}}, {'platform': {'id': 25, 'name': 'Atari 8-bit', 'slug': 'atari-8-bit'}}, {'platform': {'id': 34, 'name': 'Atari ST', 'slug': 'atari-st'}}]",,1980-01-01,False,https://media.rawg.io/media/screenshots/b6c/b6c10b7f2247b12d7d4bdfe28ed8b5d8.jpg,0.0,0,"[{'id': 3, 'title': 'meh', 'count': 3, 'percent': 75.0}, {'id': 1, 'title': 'skip', 'count': 1, 'percent': 25.0}]",3,0,13,"{'yet': 1, 'owned': 6, 'beaten': 2, 'toplay': 2, 'dropped': 2}",,244,2023-02-08T10:52:06,55462,,,"[{'id': 31, 'name': 'Singleplayer', 'slug': 'singleplayer', 'language': 'eng', 'games_count': 224293, 'image_background': 'https://media.rawg.io/media/games/2ba/2bac0e87cf45e5b508f227d281c9252a.jpg'}]",,,4,0f0f0f,0f0f0f,"[{'id': -1, 'image': 'https://media.rawg.io/media/screenshots/b6c/b6c10b7f2247b12d7d4bdfe28ed8b5d8.jpg'}, {'id': 748455, 'image': 'https://media.rawg.io/media/screenshots/0ad/0ad1d0e2015e433f630700a264f8c0df.jpg'}, {'id': 748456, 'image': 'https://media.rawg.io/media/screenshots/f93/f9317f4af595dad5273f42b345e3c68a.jpg'}, {'id': 748457, 'image': 'https://media.rawg.io/media/screenshots/97c/97cb86774a56d5fa0a1756db8c279ff7.jpg'}, {'id': 748458, 'image': 'https://media.rawg.io/media/screenshots/d58/d582168d85a2d5c8dd72ef16eaa174c6.jpg'}, {'id': 748459, 'image': 'https://media.rawg.io/media/screenshots/5db/5db1472f4f2d13b33cf68ba20e611424.jpg'}, {'id': 748460, 'image': 'https://media.rawg.io/media/screenshots/ee1/ee13084b740452646c45f39b1e26005f.jpg'}]","[{'platform': {'id': 1, 'name': 'PC', 'slug': 'pc'}}, {'platform': {'id': 5, 'name': 'Apple Macintosh', 'slug': 'mac'}}, {'platform': {'id': 9, 'name': 'Atari', 'slug': 'atari'}}, {'platform': {'id': 10, 'name': 'Commodore / Amiga', 'slug': 'commodore-amiga'}}]","[{'id': 10, 'name': 'Strategy', 'slug': 'strategy'}]",0.0
voodoo-castle,Voodoo Castle,0,"[{'platform': {'id': 41, 'name': 'Apple II', 'slug': 'apple-ii'}}, {'platform': {'id': 166, 'name': 'Commodore / Amiga', 'slug': 'commodore-amiga'}}, {'platform': {'id': 25, 'name': 'Atari 8-bit', 'slug': 'atari-8-bit'}}]",,1980-01-01,False,https://media.rawg.io/media/screenshots/3e5/3e5760c97f921a49a4c01db8f0961688.jpg,0.0,0,"[{'id': 3, 'title': 'meh', 'count': 3, 'percent': 100.0}]",3,0,13,"{'yet': 1, 'owned': 5, 'beaten': 3, 'toplay': 2, 'dropped': 2}",,207,2022-09-24T10:57:07,56877,,,"[{'id': 2006, 'name': 'castle', 'slug': 'castle', 'language': 'eng', 'games_count': 1519, 'image_background': 'https://media.rawg.io/media/games/9c6/9c699013b35ac2a84b5276c1c32b0678.jpg'}, {'id': 2373, 'name': 'text', 'slug': 'text', 'language': 'eng', 'games_count': 2073, 'image_background': 'https://media.rawg.io/media/screenshots/3b2/3b2243fbedd4373d1d4154c586723465.jpg'}]",,,3,0f0f0f,0f0f0f,"[{'id': -1, 'image': 'https://media.rawg.io/media/screenshots/3e5/3e5760c97f921a49a4c01db8f0961688.jpg'}, {'id': 758014, 'image': 'https://media.rawg.io/media/screenshots/338/3386f9fbe6096a21d674701c6673bed2.jpg'}, {'id': 758015, 'image': 'https://media.rawg.io/media/screenshots/b43/b43eda1d2fa789c36d8da1f5cec8a3d9.jpg'}, {'id': 758016, 'image': 'https://media.rawg.io/media/screenshots/d6d/d6dd8c1d0683ace8919f07b5c0d91c44.jpg'}, {'id': 758017, 'image': 'https://media.rawg.io/media/screenshots/633/633e6da4d27e2e030e52db8a038b6d85.jpg'}, {'id': 758018, 'image': 'https://media.rawg.io/media/screenshots/472/4725e15adadd342f5856e3b560d93ea8.jpg'}, {'id': 758019, 'image': 'https://media.rawg.io/media/screenshots/9b7/9b7756f89408d55110a322fc42291fd2.jpg'}]","[{'platform': {'id': 5, 'name': 'Apple Macintosh', 'slug': 'mac'}}, {'platform': {'id': 9, 'name': 'Atari', 'slug': 'atari'}}, {'platform': {'id': 10, 'name': 'Commodore / Amiga', 'slug': 'commodore-amiga'}}]","[{'id': 3, 'name': 'Adventure', 'slug': 'adventure'}]",0.0
mystery-house-1980,Mystery House (1980),0,"[{'platform': {'id': 41, 'name': 'Apple II', 'slug': 'apple-ii'}}]",,1980-05-05,False,https://media.rawg.io/media/screenshots/780/78002fed8766464552fe34fb73bc2a10.jpg,0.0,0,"[{'id': 3, 'title': 'meh', 'count': 2, 'percent': 66.67}, {'id': 1, 'title': 'skip', 'count': 1, 'percent': 33.33}]",2,0,6,"{'yet': 1, 'owned': 3, 'beaten': 1, 'dropped': 1}",,15,2022-09-24T10:57:09,541261,,,[],,,3,0f0f0f,0f0f0f,"[{'id': -1, 'image': 'https://media.rawg.io/media/screenshots/780/78002fed8766464552fe34fb73bc2a10.jpg'}, {'id': 2664864, 'image': 'https://media.rawg.io/media/screenshots/780/78002fed8766464552fe34fb73bc2a10.jpg'}]","[{'platform': {'id': 5, 'name': 'Apple Macintosh', 'slug': 'mac'}}]","[{'id': 3, 'name': 'Adventure', 'slug': 'adventure'}]",0.0
zork-1980,Zork (1980),0,"[{'platform': {'id': 4, 'name': 'PC', 'slug': 'pc'}}, {'platform': {'id': 41, 'name': 'Apple II', 'slug': 'apple-ii'}}, {'platform': {'id': 166, 'name': 'Commodore / Amiga', 'slug': 'commodore-amiga'}}]",,1980-12-01,False,https://media.rawg.io/media/screenshots/7c6/7c6d04869e4fb95a84e12318e2f7788f.jpg,0.0,0,"[{'id': 3, 'title': 'meh', 'count': 2, 'percent': 100.0}]",2,0,4,"{'yet': 1, 'toplay': 2, 'dropped': 1}",,91,2023-02-08T10:52:04,736302,,,"[{'id': 861, 'name': 'text-adventure', 'slug': 'text-adventure', 'language': 'eng', 'games_count': 374, 'image_background': 'https://media.rawg.io/media/screenshots/0c4/0c43c70104bb8b7cbdd98c3c16da5180.jpg'}]",,,2,0f0f0f,0f0f0f,"[{'id': -1, 'image': 'https://media.rawg.io/media/screenshots/7c6/7c6d04869e4fb95a84e12318e2f7788f.jpg'}, {'id': 3231014, 'image': 'https://media.rawg.io/media/screenshots/758/758d9507d8c9e3043b76a3c1a8a50ad7.jpg'}, {'id': 3231015, 'image': 'https://media.rawg.io/media/screenshots/81b/81b5f0ce128a87e48a71a06a958fb2cc.jpg'}, {'id': 3231016, 'image': 'https://media.rawg.io/media/screenshots/334/3341f315c0156e09680f75cc399a9007.jpg'}, {'id': 3231017, 'image': 'https://media.rawg.io/media/screenshots/7c6/7c6d04869e4fb95a84e12318e2f7788f.jpg'}]","[{'platform': {'id': 1, 'name': 'PC', 'slug': 'pc'}}, {'platform': {'id': 5, 'name': 'Apple Macintosh', 'slug': 'mac'}}, {'platform': {'id': 10, 'name': 'Commodore / Amiga', 'slug': 'commodore-amiga'}}]","[{'id': 3, 'name': 'Adventure', 'slug': 'adventure'}]",0.0
